-- phpMyAdmin SQL Dump
-- version 4.5.1
-- http://www.phpmyadmin.net
--
-- Host: 127.0.0.1
-- Generation Time: 2017-05-26 05:54:27
-- 服务器版本： 10.1.19-MariaDB
-- PHP Version: 5.6.28

SET SQL_MODE = "NO_AUTO_VALUE_ON_ZERO";
SET time_zone = "+00:00";


/*!40101 SET @OLD_CHARACTER_SET_CLIENT=@@CHARACTER_SET_CLIENT */;
/*!40101 SET @OLD_CHARACTER_SET_RESULTS=@@CHARACTER_SET_RESULTS */;
/*!40101 SET @OLD_COLLATION_CONNECTION=@@COLLATION_CONNECTION */;
/*!40101 SET NAMES utf8mb4 */;

--
-- Database: `db_lit`
--
CREATE DATABASE IF NOT EXISTS `db_lit` DEFAULT CHARACTER SET utf8 COLLATE utf8_general_ci;
USE `db_lit`;

-- --------------------------------------------------------

--
-- 表的结构 `activity`
--
-- 创建时间： 2017-04-04 07:26:29
--

DROP TABLE IF EXISTS `activity`;
CREATE TABLE IF NOT EXISTS `activity` (
  `activity_id` int(11) NOT NULL AUTO_INCREMENT,
  `user_id` int(11) NOT NULL,
  `title` varchar(40) NOT NULL,
  `abstract` varchar(300) NOT NULL,
  `acti_type_id` int(11) NOT NULL,
  `cover` varchar(50) NOT NULL,
  `organizer` varchar(50) NOT NULL,
  `place` varchar(50) NOT NULL,
  `create_time` datetime NOT NULL DEFAULT CURRENT_TIMESTAMP,
  `start_time` datetime NOT NULL DEFAULT CURRENT_TIMESTAMP,
  `end_time` datetime DEFAULT NULL,
  PRIMARY KEY (`activity_id`),
  KEY `from_user_id` (`user_id`),
  KEY `acti_type_id` (`acti_type_id`) USING BTREE
) ENGINE=InnoDB AUTO_INCREMENT=36 DEFAULT CHARSET=utf8;

--
-- 表的关联 `activity`:
--   `acti_type_id`
--       `acti_type` -> `type_id`
--

--
-- 转存表中的数据 `activity`
--

INSERT INTO `activity` (`activity_id`, `user_id`, `title`, `abstract`, `acti_type_id`, `cover`, `organizer`, `place`, `create_time`, `start_time`, `end_time`) VALUES
(1, 1, '红海龟', '《红海龟》是由荷兰人迈克尔·度德威特导演，法国人帕斯卡尔·费兰联合编剧，日本人高畑勋担纲艺术指导的作品。<br>动画由法国arte&nbsp;France&nbsp;Cinéma公司、日本吉卜力工作室等联合制作，东宝国际等发行。<br>该片主要讲述了男主因航船失事流落到了无人岛，存活下的男人企图建造救生筏逃离荒岛，但他的计划却不断被一只神秘的巨型红海龟破坏，在他绝望时，一名神秘女子出现了并挽救其灵魂的故事', 8, 'cover_17040416011212.JPG', '日本吉卜力工作室', '孤岛', '2017-04-04 16:01:12', '2017-04-18 21:56:44', '2017-04-19 21:56:44'),
(2, 2, '四重奏', '匆忙浮躁的都市中，四个与音乐相关的男男女女“偶然”邂逅出于对音乐的共同志向，组建了四重奏乐队，同住在别府家位于轻井泽的别墅。<br><br>然而，所有人都在说谎，每个人都被自己的秘密牵扯纠缠，其实他们的相遇也并非偶然，而是隐藏着一个大秘密', 2, 'cover_17040510313151.JPG', 'TBS', '轻井泽', '2017-04-05 10:31:32', '2017-04-05 10:31:49', '2017-04-06 10:31:49'),
(22, 1, '正在直播的校园风景', '中国传媒大学，位于首都北京，是我国广播电视工科高等教育的起源。校训是立德、敬业、博学、竞先。', 1, 'cover_17050409361492.JPG', '中国传媒大学学生会', '中国传媒大学', '2017-05-04 09:36:15', '2017-05-04 09:24:00', '2017-05-05 09:24:00'),
(23, 7, '图文直播现场', '整合测试', 2, 'cover_17051411435580.jpg', '直播小组', 'ASA', '2017-05-14 17:40:44', '2017-05-14 19:15:44', '2017-05-15 19:15:44'),
(24, 2, 'asa吃饭……', '整合会议中', 7, 'cover_17051418511742.jpg', '校园图文直播小组', '星光二层asa', '2017-05-14 18:51:17', '2017-05-14 18:44:00', '2017-05-15 18:44:00'),
(34, 1, '大创答辩直播', '大创答辩直播。', 1, 'cover_17051714121146.jpg', '图文直播', '主楼303', '2017-05-17 14:12:11', '2017-05-17 14:11:00', '2017-05-18 14:11:00'),
(35, 1, '图文直播现场', '直播现场', 6, 'cover_17052514134213.jpg', '中传', '中蓝', '2017-05-25 14:13:43', '2017-05-25 14:12:00', '2017-05-26 14:12:00');

-- --------------------------------------------------------

--
-- 表的结构 `acti_focus`
--
-- 创建时间： 2017-03-20 03:18:01
--

DROP TABLE IF EXISTS `acti_focus`;
CREATE TABLE IF NOT EXISTS `acti_focus` (
  `activity_id` int(11) NOT NULL,
  `user_id` int(11) NOT NULL,
  `add_time` datetime NOT NULL DEFAULT CURRENT_TIMESTAMP,
  KEY `activity_id` (`activity_id`),
  KEY `user_id` (`user_id`)
) ENGINE=InnoDB DEFAULT CHARSET=utf8;

--
-- 表的关联 `acti_focus`:
--   `activity_id`
--       `activity` -> `activity_id`
--   `user_id`
--       `user` -> `user_id`
--

--
-- 转存表中的数据 `acti_focus`
--

INSERT INTO `acti_focus` (`activity_id`, `user_id`, `add_time`) VALUES
(22, 1, '2017-05-14 18:46:03');

-- --------------------------------------------------------

--
-- 表的结构 `acti_log`
--
-- 创建时间： 2017-04-04 04:08:54
--

DROP TABLE IF EXISTS `acti_log`;
CREATE TABLE IF NOT EXISTS `acti_log` (
  `log_id` int(11) NOT NULL AUTO_INCREMENT,
  `activity_id` int(11) NOT NULL,
  `user_id` int(11) NOT NULL,
  `admin_id` int(11) NOT NULL,
  `detail` varchar(50) NOT NULL,
  `add_time` datetime NOT NULL DEFAULT CURRENT_TIMESTAMP,
  PRIMARY KEY (`log_id`),
  KEY `activity_id` (`activity_id`),
  KEY `user_id` (`user_id`),
  KEY `admin_id` (`admin_id`)
) ENGINE=InnoDB AUTO_INCREMENT=39 DEFAULT CHARSET=utf8;

--
-- 表的关联 `acti_log`:
--

--
-- 转存表中的数据 `acti_log`
--

INSERT INTO `acti_log` (`log_id`, `activity_id`, `user_id`, `admin_id`, `detail`, `add_time`) VALUES
(1, 1, 1, 0, '创建活动直播成功', '2017-04-04 16:01:12'),
(2, 2, 2, 0, '创建活动直播成功', '2017-04-05 10:31:32'),
(3, 3, 1, 0, '创建活动直播成功', '2017-04-07 14:42:24'),
(4, 4, 4, 0, '创建活动直播成功', '2017-04-07 14:55:25'),
(5, 5, 6, 0, '创建活动直播成功', '2017-04-14 14:15:59'),
(6, 7, 7, 0, '创建活动直播成功', '2017-04-14 14:18:20'),
(7, 8, 1, 0, '创建活动直播成功', '2017-04-14 15:00:47'),
(8, 15, 7, 0, '创建活动直播成功', '2017-04-14 15:15:45'),
(9, 16, 7, 0, '创建活动直播成功', '2017-04-14 15:16:30'),
(10, 17, 7, 0, '创建活动直播成功', '2017-04-14 15:17:56'),
(11, 18, 11, 0, '创建活动直播成功', '2017-04-14 15:18:27'),
(12, 21, 7, 0, '创建活动直播成功', '2017-04-14 15:48:26'),
(13, 22, 1, 0, '创建活动直播成功', '2017-04-14 15:49:28'),
(14, 22, 1, 0, '创建活动直播成功', '2017-05-04 09:36:15'),
(15, 23, 0, 2, '创建活动直播成功', '2017-05-14 17:40:44'),
(16, 23, 0, 2, '删除活动封面', '2017-05-14 11:41:51'),
(17, 23, 0, 2, '修改活动封图成功', '2017-05-14 17:43:55'),
(18, 24, 2, 0, '创建活动直播成功', '2017-05-14 18:51:17'),
(19, 25, 7, 0, '创建活动直播成功', '2017-05-14 18:53:44'),
(20, 24, 0, 1, '修改活动成功', '2017-05-14 18:55:49'),
(21, 25, 0, 1, '删除活动', '2017-05-14 12:56:20'),
(22, 0, 0, 1, '修改活动类型', '2017-05-14 13:04:15'),
(23, 0, 0, 1, '修改活动类型', '2017-05-14 13:04:23'),
(24, 25, 0, 2, '创建活动直播成功', '2017-05-17 12:05:33'),
(25, 25, 0, 2, '删除活动封面', '2017-05-17 12:06:11'),
(26, 25, 0, 2, '修改活动封图成功', '2017-05-17 12:06:17'),
(27, 25, 0, 2, '修改活动成功', '2017-05-17 12:06:32'),
(28, 26, 0, 2, '创建活动直播成功', '2017-05-17 12:17:29'),
(29, 27, 0, 1, '创建活动直播成功', '2017-05-17 12:21:15'),
(30, 28, 0, 1, '创建活动直播成功', '2017-05-17 12:22:34'),
(31, 29, 0, 2, '创建活动直播成功', '2017-05-17 12:24:00'),
(32, 33, 0, 2, '创建活动直播成功', '2017-05-17 12:27:36'),
(33, 0, 0, 2, '添加活动类型(13)', '2017-05-17 13:36:38'),
(34, 0, 0, 2, '修改活动类型(13)', '2017-05-17 13:36:45'),
(35, 0, 0, 2, '删除活动类型(13)', '2017-05-17 13:36:49'),
(36, 34, 1, 0, '创建活动直播成功', '2017-05-17 14:12:11'),
(37, 34, 0, 2, '修改活动成功', '2017-05-17 14:13:03'),
(38, 35, 1, 0, '创建活动直播成功', '2017-05-25 14:13:43');

-- --------------------------------------------------------

--
-- 表的结构 `acti_type`
--
-- 创建时间： 2017-03-16 06:56:41
--

DROP TABLE IF EXISTS `acti_type`;
CREATE TABLE IF NOT EXISTS `acti_type` (
  `type_id` int(11) NOT NULL AUTO_INCREMENT,
  `type` varchar(20) NOT NULL,
  PRIMARY KEY (`type_id`)
) ENGINE=InnoDB AUTO_INCREMENT=12 DEFAULT CHARSET=utf8;

--
-- 表的关联 `acti_type`:
--

--
-- 转存表中的数据 `acti_type`
--

INSERT INTO `acti_type` (`type_id`, `type`) VALUES
(0, '其他'),
(1, '校园'),
(2, '生活'),
(3, '艺术'),
(4, '实践'),
(5, '体育'),
(6, '科研'),
(7, '摄像'),
(8, '影视'),
(9, '人物'),
(10, '游戏'),
(11, '旅游');

-- --------------------------------------------------------

--
-- 表的结构 `acti_view`
--
-- 创建时间： 2017-03-20 12:09:03
--

DROP TABLE IF EXISTS `acti_view`;
CREATE TABLE IF NOT EXISTS `acti_view` (
  `activity_id` int(11) NOT NULL,
  `user_id` int(11) NOT NULL,
  `view_time` datetime NOT NULL DEFAULT CURRENT_TIMESTAMP,
  KEY `activity_id` (`activity_id`),
  KEY `user_id` (`user_id`)
) ENGINE=InnoDB DEFAULT CHARSET=utf8;

--
-- 表的关联 `acti_view`:
--

--
-- 转存表中的数据 `acti_view`
--

INSERT INTO `acti_view` (`activity_id`, `user_id`, `view_time`) VALUES
(10, 20, '2017-04-04 15:35:12'),
(1, 1, '2017-04-04 16:01:14'),
(1, 1, '2017-04-04 16:01:31'),
(1, 1, '2017-04-04 16:02:30'),
(1, 1, '2017-04-04 16:03:22'),
(1, 0, '2017-04-05 10:21:50'),
(1, 0, '2017-04-05 10:22:11'),
(1, 0, '2017-04-05 10:24:30'),
(2, 2, '2017-04-05 10:31:33'),
(2, 2, '2017-04-05 10:31:50'),
(2, 2, '2017-04-05 10:34:43'),
(1, 0, '2017-04-05 10:39:12'),
(2, 2, '2017-04-05 10:44:23'),
(2, 2, '2017-04-05 11:10:31'),
(2, 2, '2017-04-05 11:10:49'),
(2, 2, '2017-04-05 11:15:12'),
(2, 2, '2017-04-05 11:15:39'),
(2, 2, '2017-04-05 11:18:53'),
(2, 2, '2017-04-05 11:19:46'),
(2, 2, '2017-04-05 11:20:18'),
(2, 2, '2017-04-05 11:21:08'),
(2, 2, '2017-04-05 11:21:36'),
(2, 2, '2017-04-05 11:21:56'),
(2, 2, '2017-04-05 11:28:40'),
(2, 2, '2017-04-05 11:29:48'),
(2, 2, '2017-04-05 11:34:31'),
(2, 2, '2017-04-05 11:34:42'),
(1, 2, '2017-04-05 12:01:06'),
(2, 2, '2017-04-05 12:01:27'),
(2, 0, '2017-04-05 15:17:58'),
(2, 0, '2017-04-05 15:19:19'),
(1, 1, '2017-04-05 15:31:54'),
(1, 1, '2017-04-05 15:32:20'),
(2, 1, '2017-04-05 15:32:35'),
(2, 1, '2017-04-05 15:33:02'),
(1, 1, '2017-04-05 15:39:17'),
(1, 1, '2017-04-05 15:41:44'),
(1, 1, '2017-04-05 15:43:43'),
(1, 0, '2017-04-05 15:45:32'),
(2, 2, '2017-04-05 15:56:11'),
(2, 2, '2017-04-05 16:01:23'),
(2, 2, '2017-04-05 16:02:22'),
(2, 2, '2017-04-05 16:05:42'),
(2, 2, '2017-04-05 16:07:10'),
(2, 2, '2017-04-05 16:10:33'),
(2, 2, '2017-04-05 16:26:32'),
(2, 2, '2017-04-05 16:30:20'),
(2, 2, '2017-04-05 16:43:28'),
(1, 2, '2017-04-05 16:45:42'),
(1, 2, '2017-04-05 16:50:06'),
(2, 2, '2017-04-05 16:52:50'),
(2, 2, '2017-04-05 16:57:39'),
(1, 2, '2017-04-05 17:08:08'),
(1, 2, '2017-04-05 17:11:48'),
(1, 2, '2017-04-05 17:12:24'),
(2, 2, '2017-04-05 17:20:01'),
(2, 0, '2017-04-07 14:33:19'),
(2, 0, '2017-04-07 14:35:38'),
(2, 0, '2017-04-07 14:36:38'),
(2, 0, '2017-04-07 14:37:37'),
(2, 0, '2017-04-07 14:39:01'),
(2, 0, '2017-04-07 14:39:21'),
(2, 0, '2017-04-07 14:40:11'),
(3, 1, '2017-04-07 14:42:26'),
(3, 1, '2017-04-07 14:42:50'),
(3, 0, '2017-04-07 14:46:27'),
(3, 3, '2017-04-07 14:47:32'),
(3, 1, '2017-04-07 14:47:49'),
(3, 4, '2017-04-07 14:50:57'),
(4, 4, '2017-04-07 14:55:26'),
(4, 4, '2017-04-07 14:56:15'),
(4, 4, '2017-04-07 14:56:39'),
(4, 4, '2017-04-07 14:57:31'),
(4, 4, '2017-04-07 14:58:13'),
(4, 1, '2017-04-07 15:24:06'),
(3, 1, '2017-04-07 15:24:16'),
(3, 1, '2017-04-07 15:29:42'),
(3, 1, '2017-04-07 15:35:25'),
(3, 1, '2017-04-07 15:40:11'),
(3, 1, '2017-04-07 15:41:45'),
(3, 1, '2017-04-07 15:47:16'),
(3, 1, '2017-04-07 15:50:05'),
(3, 1, '2017-04-07 15:51:20'),
(4, 4, '2017-04-07 16:00:10'),
(4, 4, '2017-04-07 16:00:45'),
(3, 1, '2017-04-07 16:02:10'),
(3, 1, '2017-04-07 16:04:45'),
(3, 1, '2017-04-07 16:06:43'),
(3, 1, '2017-04-07 16:08:55'),
(3, 1, '2017-04-07 16:09:14'),
(3, 1, '2017-04-07 16:09:34'),
(3, 1, '2017-04-07 16:14:41'),
(3, 1, '2017-04-07 16:17:35'),
(3, 1, '2017-04-07 16:18:44'),
(3, 1, '2017-04-07 16:19:41'),
(3, 1, '2017-04-07 16:29:10'),
(3, 1, '2017-04-07 16:31:53'),
(3, 1, '2017-04-07 16:32:17'),
(3, 1, '2017-04-07 16:35:04'),
(3, 1, '2017-04-07 16:38:12'),
(3, 1, '2017-04-07 16:40:44'),
(3, 1, '2017-04-07 16:43:22'),
(3, 1, '2017-04-07 16:45:47'),
(2, 0, '2017-04-07 16:47:44'),
(3, 1, '2017-04-07 16:48:01'),
(3, 1, '2017-04-07 16:49:07'),
(3, 1, '2017-04-07 16:49:44'),
(3, 1, '2017-04-07 16:50:30'),
(3, 1, '2017-04-07 16:58:17'),
(3, 1, '2017-04-07 17:02:05'),
(3, 1, '2017-04-07 17:02:07'),
(3, 1, '2017-04-07 17:06:35'),
(3, 1, '2017-04-07 17:06:48'),
(3, 1, '2017-04-07 17:06:56'),
(3, 1, '2017-04-07 17:07:20'),
(3, 4, '2017-04-07 17:07:52'),
(3, 1, '2017-04-07 17:07:54'),
(3, 4, '2017-04-07 17:08:10'),
(3, 4, '2017-04-07 17:08:20'),
(3, 4, '2017-04-07 17:08:44'),
(3, 1, '2017-04-07 17:09:03'),
(3, 4, '2017-04-07 17:09:04'),
(3, 4, '2017-04-07 17:09:30'),
(3, 4, '2017-04-07 17:09:33'),
(3, 4, '2017-04-07 17:09:47'),
(3, 1, '2017-04-07 17:12:54'),
(3, 1, '2017-04-07 17:13:02'),
(3, 1, '2017-04-07 17:14:34'),
(3, 1, '2017-04-07 17:15:14'),
(3, 1, '2017-04-07 17:16:12'),
(3, 0, '2017-04-10 22:07:04'),
(3, 0, '2017-04-10 22:08:31'),
(3, 1, '2017-04-10 22:18:17'),
(3, 1, '2017-04-10 22:19:36'),
(1, 1, '2017-04-10 22:27:12'),
(4, 0, '2017-04-11 07:39:02'),
(4, 0, '2017-04-11 07:54:41'),
(4, 0, '2017-04-11 07:56:24'),
(4, 0, '2017-04-11 07:58:07'),
(4, 0, '2017-04-11 08:03:14'),
(4, 0, '2017-04-11 08:04:51'),
(4, 0, '2017-04-11 08:10:22'),
(4, 0, '2017-04-11 08:10:31'),
(4, 0, '2017-04-11 08:13:33'),
(4, 0, '2017-04-11 08:14:16'),
(4, 0, '2017-04-11 08:14:48'),
(4, 0, '2017-04-11 08:15:46'),
(4, 0, '2017-04-11 08:16:30'),
(2, 0, '2017-04-11 08:16:41'),
(2, 0, '2017-04-11 08:17:23'),
(2, 0, '2017-04-11 08:18:57'),
(2, 0, '2017-04-11 08:20:20'),
(2, 0, '2017-04-11 08:29:09'),
(2, 0, '2017-04-11 08:30:19'),
(2, 0, '2017-04-11 08:51:19'),
(4, 0, '2017-04-11 09:24:13'),
(4, 0, '2017-04-11 09:24:18'),
(1, 0, '2017-04-11 09:24:22'),
(1, 0, '2017-04-11 09:31:14'),
(1, 1, '2017-04-11 09:41:08'),
(2, 1, '2017-04-11 09:41:16'),
(2, 1, '2017-04-11 09:41:36'),
(2, 1, '2017-04-11 09:41:39'),
(2, 1, '2017-04-11 09:42:19'),
(2, 1, '2017-04-11 09:42:58'),
(2, 1, '2017-04-11 09:43:07'),
(1, 1, '2017-04-11 09:46:48'),
(1, 1, '2017-04-11 09:47:46'),
(2, 0, '2017-04-11 09:49:19'),
(2, 0, '2017-04-11 09:49:50'),
(1, 1, '2017-04-11 09:50:49'),
(2, 0, '2017-04-11 09:51:23'),
(2, 0, '2017-04-11 09:51:27'),
(3, 0, '2017-04-11 09:51:38'),
(2, 0, '2017-04-11 09:51:52'),
(2, 1, '2017-04-11 09:52:33'),
(1, 1, '2017-04-11 10:07:52'),
(1, 1, '2017-04-11 10:07:58'),
(1, 0, '2017-04-11 10:10:57'),
(3, 0, '2017-04-11 10:11:06'),
(3, 1, '2017-04-11 10:11:16'),
(3, 1, '2017-04-11 10:11:21'),
(3, 1, '2017-04-11 10:13:21'),
(3, 1, '2017-04-11 10:13:50'),
(3, 1, '2017-04-11 10:17:54'),
(3, 1, '2017-04-11 10:24:33'),
(3, 1, '2017-04-11 10:24:44'),
(3, 1, '2017-04-11 10:24:48'),
(2, 1, '2017-04-11 10:24:57'),
(2, 1, '2017-04-11 10:25:12'),
(2, 1, '2017-04-11 10:35:48'),
(2, 1, '2017-04-11 11:06:44'),
(4, 1, '2017-04-11 11:06:55'),
(4, 0, '2017-04-11 23:07:42'),
(1, 0, '2017-04-11 23:08:06'),
(1, 0, '2017-04-11 23:11:47'),
(1, 1, '2017-04-11 23:11:59'),
(3, 1, '2017-04-14 11:07:24'),
(1, 1, '2017-04-14 11:07:39'),
(4, 0, '2017-04-14 11:21:57'),
(4, 0, '2017-04-14 11:22:06'),
(4, 0, '2017-04-14 11:26:52'),
(3, 4, '2017-04-14 12:11:48'),
(3, 1, '2017-04-14 12:12:18'),
(2, 1, '2017-04-14 12:12:35'),
(1, 1, '2017-04-14 12:12:53'),
(1, 1, '2017-04-14 12:16:52'),
(1, 1, '2017-04-14 12:25:29'),
(2, 1, '2017-04-14 13:53:34'),
(5, 6, '2017-04-14 14:16:03'),
(5, 6, '2017-04-14 14:16:40'),
(5, 6, '2017-04-14 14:17:03'),
(5, 6, '2017-04-14 14:17:11'),
(5, 6, '2017-04-14 14:17:21'),
(7, 7, '2017-04-14 14:18:21'),
(5, 6, '2017-04-14 14:18:41'),
(5, 6, '2017-04-14 14:18:57'),
(7, 7, '2017-04-14 14:19:11'),
(7, 6, '2017-04-14 14:19:26'),
(7, 7, '2017-04-14 14:19:45'),
(7, 6, '2017-04-14 14:20:07'),
(5, 7, '2017-04-14 14:20:13'),
(7, 6, '2017-04-14 14:20:22'),
(5, 7, '2017-04-14 14:20:23'),
(5, 6, '2017-04-14 14:20:35'),
(5, 6, '2017-04-14 14:20:50'),
(5, 7, '2017-04-14 14:20:52'),
(5, 7, '2017-04-14 14:21:02'),
(5, 6, '2017-04-14 14:21:10'),
(7, 7, '2017-04-14 14:22:29'),
(5, 6, '2017-04-14 14:22:36'),
(7, 6, '2017-04-14 14:22:49'),
(7, 6, '2017-04-14 14:22:56'),
(7, 6, '2017-04-14 14:23:13'),
(7, 6, '2017-04-14 14:23:38'),
(7, 6, '2017-04-14 14:24:12'),
(5, 6, '2017-04-14 14:24:17'),
(7, 7, '2017-04-14 14:24:54'),
(7, 7, '2017-04-14 14:25:36'),
(7, 7, '2017-04-14 14:25:42'),
(7, 7, '2017-04-14 14:25:46'),
(7, 7, '2017-04-14 14:26:25'),
(7, 0, '2017-04-14 14:27:15'),
(7, 0, '2017-04-14 14:27:51'),
(5, 0, '2017-04-14 14:28:00'),
(5, 0, '2017-04-14 14:28:09'),
(5, 6, '2017-04-14 14:28:22'),
(5, 6, '2017-04-14 14:28:55'),
(7, 7, '2017-04-14 14:29:18'),
(5, 7, '2017-04-14 14:29:38'),
(5, 6, '2017-04-14 14:29:49'),
(5, 6, '2017-04-14 14:30:03'),
(7, 6, '2017-04-14 14:32:20'),
(5, 8, '2017-04-14 14:34:20'),
(7, 8, '2017-04-14 14:34:22'),
(5, 8, '2017-04-14 14:34:26'),
(7, 8, '2017-04-14 14:51:05'),
(5, 7, '2017-04-14 14:51:44'),
(7, 7, '2017-04-14 14:51:57'),
(7, 7, '2017-04-14 14:53:04'),
(7, 7, '2017-04-14 15:00:38'),
(8, 1, '2017-04-14 15:00:49'),
(8, 7, '2017-04-14 15:00:58'),
(8, 7, '2017-04-14 15:01:10'),
(8, 7, '2017-04-14 15:01:14'),
(5, 7, '2017-04-14 15:01:23'),
(15, 7, '2017-04-14 15:15:46'),
(16, 7, '2017-04-14 15:16:32'),
(17, 7, '2017-04-14 15:17:58'),
(18, 11, '2017-04-14 15:18:29'),
(18, 11, '2017-04-14 15:18:52'),
(7, 7, '2017-04-14 15:23:31'),
(7, 7, '2017-04-14 15:24:30'),
(7, 7, '2017-04-14 15:25:18'),
(7, 7, '2017-04-14 15:33:14'),
(7, 7, '2017-04-14 15:35:02'),
(7, 7, '2017-04-14 15:36:26'),
(7, 7, '2017-04-14 15:37:31'),
(18, 0, '2017-04-14 15:39:25'),
(7, 0, '2017-04-14 15:39:39'),
(7, 0, '2017-04-14 15:46:27'),
(21, 7, '2017-04-14 15:48:28'),
(22, 1, '2017-04-14 15:49:30'),
(18, 7, '2017-04-14 15:49:35'),
(7, 7, '2017-04-14 15:49:59'),
(22, 1, '2017-04-14 15:50:41'),
(7, 7, '2017-04-14 15:50:49'),
(22, 7, '2017-04-14 15:52:14'),
(22, 1, '2017-04-14 15:52:25'),
(22, 7, '2017-04-14 15:52:33'),
(5, 0, '2017-04-18 20:17:15'),
(8, 0, '2017-04-18 20:19:51'),
(8, 1, '2017-04-18 20:20:10'),
(15, 1, '2017-04-18 20:20:28'),
(18, 1, '2017-04-18 20:20:38'),
(22, 1, '2017-04-18 20:20:47'),
(22, 1, '2017-04-18 20:21:10'),
(1, 1, '2017-04-18 21:48:25'),
(2, 1, '2017-04-18 21:48:35'),
(22, 1, '2017-04-18 21:55:08'),
(1, 1, '2017-04-18 21:56:37'),
(1, 1, '2017-04-18 21:56:45'),
(1, 1, '2017-04-18 21:57:39'),
(1, 1, '2017-04-18 21:59:08'),
(1, 1, '2017-04-18 22:00:26'),
(1, 1, '2017-04-18 22:00:40'),
(1, 1, '2017-04-18 22:01:30'),
(1, 1, '2017-04-18 23:36:01'),
(22, 1, '2017-05-04 09:36:17'),
(22, 1, '2017-05-04 09:39:03'),
(22, 1, '2017-05-04 09:39:35'),
(22, 0, '2017-05-04 10:30:42'),
(22, 1, '2017-05-04 10:30:59'),
(22, 1, '2017-05-04 10:31:34'),
(22, 1, '2017-05-04 10:33:10'),
(22, 1, '2017-05-04 10:34:55'),
(22, 0, '2017-05-04 10:35:42'),
(22, 1, '2017-05-04 10:35:55'),
(22, 1, '2017-05-04 10:36:33'),
(22, 1, '2017-05-04 10:37:16'),
(22, 1, '2017-05-04 10:38:25'),
(22, 1, '2017-05-04 10:39:07'),
(22, 1, '2017-05-04 10:39:52'),
(22, 1, '2017-05-04 10:40:55'),
(22, 1, '2017-05-04 10:41:46'),
(22, 1, '2017-05-04 10:41:54'),
(22, 1, '2017-05-04 10:42:05'),
(22, 1, '2017-05-04 10:42:13'),
(22, 1, '2017-05-04 10:49:50'),
(22, 3, '2017-05-04 13:29:35'),
(22, 1, '2017-05-04 14:17:55'),
(22, 1, '2017-05-04 14:21:48'),
(22, 1, '2017-05-04 14:21:55'),
(22, 0, '2017-05-09 17:01:58'),
(22, 0, '2017-05-09 17:03:35'),
(2, 0, '2017-05-14 18:41:35'),
(1, 2, '2017-05-14 18:42:47'),
(22, 7, '2017-05-14 18:43:26'),
(1, 2, '2017-05-14 18:44:29'),
(22, 7, '2017-05-14 18:45:33'),
(22, 7, '2017-05-14 18:48:03'),
(1, 7, '2017-05-14 18:48:50'),
(24, 2, '2017-05-14 18:51:20'),
(24, 2, '2017-05-14 18:53:00'),
(24, 2, '2017-05-14 18:53:26'),
(23, 2, '2017-05-14 18:53:35'),
(23, 2, '2017-05-14 18:53:42'),
(25, 7, '2017-05-14 18:53:47'),
(25, 2, '2017-05-14 18:53:55'),
(24, 0, '2017-05-14 18:56:17'),
(24, 2, '2017-05-14 18:56:34'),
(24, 2, '2017-05-14 18:58:51'),
(24, 2, '2017-05-14 18:59:19'),
(24, 2, '2017-05-14 18:59:47'),
(24, 2, '2017-05-14 19:01:18'),
(24, 2, '2017-05-14 19:01:59'),
(24, 2, '2017-05-14 19:03:31'),
(24, 7, '2017-05-14 19:11:39'),
(24, 2, '2017-05-14 19:11:42'),
(24, 2, '2017-05-14 19:12:45'),
(22, 7, '2017-05-14 19:13:53'),
(23, 7, '2017-05-14 19:15:11'),
(24, 1, '2017-05-14 19:15:31'),
(24, 1, '2017-05-14 19:15:35'),
(23, 7, '2017-05-14 19:15:46'),
(24, 1, '2017-05-14 19:15:58'),
(1, 1, '2017-05-14 19:16:07'),
(24, 2, '2017-05-14 19:17:03'),
(23, 2, '2017-05-14 19:17:37'),
(22, 2, '2017-05-14 19:18:24'),
(25, 0, '2017-05-17 12:10:54'),
(25, 0, '2017-05-17 12:10:59'),
(27, 1, '2017-05-17 12:28:48'),
(29, 1, '2017-05-17 12:29:38'),
(22, 1, '2017-05-17 12:35:53'),
(22, 1, '2017-05-17 12:35:59'),
(22, 1, '2017-05-17 12:36:04'),
(22, 1, '2017-05-17 12:36:36'),
(22, 1, '2017-05-17 12:36:43'),
(22, 1, '2017-05-17 12:50:03'),
(24, 0, '2017-05-17 13:35:45'),
(24, 0, '2017-05-17 13:54:44'),
(1, 0, '2017-05-17 13:54:51'),
(34, 1, '2017-05-17 14:12:21'),
(34, 1, '2017-05-17 14:12:59'),
(34, 1, '2017-05-17 14:14:29'),
(34, 1, '2017-05-17 14:15:06'),
(34, 1, '2017-05-17 14:16:03'),
(34, 0, '2017-05-25 13:52:47'),
(34, 0, '2017-05-25 14:10:02'),
(1, 0, '2017-05-25 14:10:49'),
(1, 1, '2017-05-25 14:11:32'),
(35, 1, '2017-05-25 14:13:45'),
(35, 1, '2017-05-25 14:15:08'),
(24, 0, '2017-05-25 14:26:40');

-- --------------------------------------------------------

--
-- 表的结构 `admin`
--
-- 创建时间： 2017-03-16 13:06:01
--

DROP TABLE IF EXISTS `admin`;
CREATE TABLE IF NOT EXISTS `admin` (
  `admin_id` int(11) NOT NULL AUTO_INCREMENT,
  `admin` varchar(20) NOT NULL,
  `password` varchar(30) NOT NULL,
  `admin_type` smallint(6) NOT NULL,
  `create_time` datetime NOT NULL DEFAULT CURRENT_TIMESTAMP,
  PRIMARY KEY (`admin_id`)
) ENGINE=InnoDB AUTO_INCREMENT=9 DEFAULT CHARSET=utf8;

--
-- 表的关联 `admin`:
--

--
-- 转存表中的数据 `admin`
--

INSERT INTO `admin` (`admin_id`, `admin`, `password`, `admin_type`, `create_time`) VALUES
(1, 'root', 'root', 3, '2017-04-05 16:55:55'),
(2, 'admin', '123456', 5, '2017-04-05 16:55:55'),
(3, 'sys_admin', 'sys', 4, '2017-04-05 16:56:49'),
(5, 'xzth', 'xzth', 4, '2017-05-14 18:31:07'),
(6, 'xz', 'xz', 3, '2017-05-17 12:55:46'),
(7, '1', '1', 3, '2017-05-17 13:03:51'),
(8, '2', '2', 4, '2017-05-17 13:17:05');

-- --------------------------------------------------------

--
-- 表的结构 `admin_log`
--
-- 创建时间： 2017-04-04 04:09:25
--

DROP TABLE IF EXISTS `admin_log`;
CREATE TABLE IF NOT EXISTS `admin_log` (
  `admin_id` int(11) NOT NULL,
  `detail` varchar(20) NOT NULL,
  `add_time` datetime NOT NULL,
  KEY `admin_id` (`admin_id`)
) ENGINE=InnoDB DEFAULT CHARSET=utf8;

--
-- 表的关联 `admin_log`:
--

--
-- 转存表中的数据 `admin_log`
--

INSERT INTO `admin_log` (`admin_id`, `detail`, `add_time`) VALUES
(1, '图文管理员登录', '2017-05-14 13:09:59'),
(1, '图文管理员退出登录', '2017-05-14 13:10:04'),
(2, '图文管理员登录', '2017-05-17 06:05:05'),
(1, '图文管理员登录', '2017-05-17 12:19:24'),
(2, '图文管理员登录', '2017-05-17 12:23:11'),
(6, '管理员(6)新增', '2017-05-17 12:55:46'),
(7, '管理员(7)新增', '2017-05-17 13:03:51'),
(8, '管理员(8)新增', '2017-05-17 13:17:05'),
(0, '图文管理员退出登录', '0000-00-00 00:00:00'),
(2, '图文管理员登录', '2017-05-17 13:36:25'),
(0, '图文管理员退出登录', '0000-00-00 00:00:00'),
(2, '图文管理员登录', '2017-05-17 13:58:16'),
(2, '图文管理员退出登录', '0000-00-00 00:00:00'),
(0, '图文管理员退出登录', '0000-00-00 00:00:00'),
(2, '图文管理员登录', '2017-05-17 13:58:36'),
(2, '图文管理员退出登录', '0000-00-00 00:00:00'),
(0, '图文管理员退出登录', '0000-00-00 00:00:00'),
(0, '图文管理员退出登录', '0000-00-00 00:00:00'),
(2, '图文管理员登录', '2017-05-17 14:12:09');

-- --------------------------------------------------------

--
-- 表的结构 `comment`
--
-- 创建时间： 2017-04-04 04:24:45
--

DROP TABLE IF EXISTS `comment`;
CREATE TABLE IF NOT EXISTS `comment` (
  `comment_id` int(11) NOT NULL AUTO_INCREMENT,
  `user_id` int(11) NOT NULL,
  `content_id` int(11) NOT NULL,
  `activity_id` int(11) NOT NULL,
  `to_comment_id` int(11) NOT NULL,
  `say` varchar(500) NOT NULL,
  `add_time` datetime NOT NULL DEFAULT CURRENT_TIMESTAMP,
  PRIMARY KEY (`comment_id`),
  KEY `user_id` (`user_id`),
  KEY `content_id` (`content_id`),
  KEY `activity_id` (`activity_id`),
  KEY `to_comment_id` (`to_comment_id`)
) ENGINE=InnoDB AUTO_INCREMENT=52 DEFAULT CHARSET=utf8;

--
-- 表的关联 `comment`:
--

--
-- 转存表中的数据 `comment`
--

INSERT INTO `comment` (`comment_id`, `user_id`, `content_id`, `activity_id`, `to_comment_id`, `say`, `add_time`) VALUES
(1, 2, 7, 0, 0, '谁会不喜欢抖着小聪明的小确丧呢？', '2017-04-05 17:04:36'),
(2, 2, 7, 0, 0, '光妹怎么能在大眼小脸小尖鼻子的组合里杀出来非网红脸还能这么好看呢啊啊啊！！高桥小哥又帅了8度而且北京瘫好可爱!!//完结撒花!', '2017-04-05 17:04:48'),
(3, 2, 6, 0, 0, '希望豆瓣能出一个电视剧不完结不准打分的制度，尤其是编剧界的烂尾巨匠——坂元裕二所出之作', '2017-04-05 17:05:19'),
(4, 2, 6, 0, 0, '“能毫不犹豫地把图钉钉在墙上的人”、“买一支新笔的时候就会想象它用完的样子的人”……喜欢坂元这种描述人的方式。', '2017-04-05 17:06:35'),
(5, 2, 6, 0, 0, '看不下去这种做作了，叽叽歪歪叨逼叨，找不到笑点，标准的豆瓣装逼剧，大学生的最爱', '2017-04-05 17:07:15'),
(6, 2, 3, 0, 0, '《红海龟》讲的不是孤岛，而是世俗', '2017-04-05 17:09:18'),
(7, 2, 3, 0, 0, '开始时不明白海龟为什么要摧毁男人的筏子&nbsp;后来明白过来&nbsp;一只海龟就能撞碎的筏子是无法禁受大洋的洗礼的&nbsp;她是为了保全他的性命', '2017-04-05 17:11:05'),
(9, 2, 0, 0, 7, 'The Red Turtle', '2017-04-05 17:15:52'),
(15, 1, 0, 0, 14, '再次回复我自己', '2017-04-14 12:18:34'),
(16, 1, 0, 0, 14, '这个', '2017-04-14 12:20:22'),
(17, 1, 0, 0, 16, '你好', '2017-04-14 12:21:17'),
(18, 1, 0, 0, 17, '这是', '2017-04-14 12:24:58'),
(20, 1, 0, 0, 18, '1', '2017-04-14 12:38:43'),
(21, 1, 0, 0, 20, '2', '2017-04-14 12:44:14'),
(22, 1, 0, 0, 21, '2', '2017-04-14 12:48:00'),
(23, 1, 0, 2, 0, '喜欢 不错', '2017-04-14 14:13:10'),
(24, 1, 0, 5, 0, '快来直播', '2017-04-14 14:16:32'),
(25, 1, 0, 7, 0, '哈哈', '2017-04-14 14:18:55'),
(33, 8, 0, 7, 0, '啊啊啊', '2017-04-14 14:38:06'),
(36, 8, 2, 2, 0, '好文艺啊', '2017-04-14 14:46:45'),
(38, 10, 0, 7, 0, 'hao', '2017-04-14 15:11:39'),
(44, 1, 45, 0, 0, '发布新评论', '2017-05-04 14:18:08'),
(45, 1, 45, 0, 0, '原来如此', '2017-05-04 14:18:37'),
(46, 7, 45, 0, 0, '厉害了我的校', '2017-05-14 18:45:16'),
(47, 1, 0, 22, 0, '不错', '2017-05-14 18:46:21'),
(48, 1, 46, 24, 0, '美丽的高子婷！！！', '2017-05-14 18:53:29'),
(49, 7, 46, 0, 0, '四人聚齐了', '2017-05-14 19:12:08'),
(50, 7, 47, 0, 0, '萌萌哒！', '2017-05-14 19:12:19'),
(51, 1, 50, 0, 0, '评论', '2017-05-25 14:15:54');

-- --------------------------------------------------------

--
-- 表的结构 `com_agree`
--
-- 创建时间： 2017-04-04 04:26:43
--

DROP TABLE IF EXISTS `com_agree`;
CREATE TABLE IF NOT EXISTS `com_agree` (
  `user_id` int(11) NOT NULL,
  `comment_id` int(11) NOT NULL,
  `add_time` datetime NOT NULL DEFAULT CURRENT_TIMESTAMP,
  KEY `user_agreewith_com` (`user_id`,`comment_id`),
  KEY `fk_comagree_comment` (`comment_id`)
) ENGINE=InnoDB DEFAULT CHARSET=utf8;

--
-- 表的关联 `com_agree`:
--

--
-- 转存表中的数据 `com_agree`
--

INSERT INTO `com_agree` (`user_id`, `comment_id`, `add_time`) VALUES
(2, 9, '2017-04-05 17:16:05'),
(2, 7, '2017-04-05 17:16:08'),
(1, 3, '2017-04-11 09:41:31'),
(1, 45, '2017-05-04 14:22:12'),
(7, 46, '2017-05-14 18:45:25');

-- --------------------------------------------------------

--
-- 表的结构 `com_log`
--
-- 创建时间： 2017-04-04 04:09:10
--

DROP TABLE IF EXISTS `com_log`;
CREATE TABLE IF NOT EXISTS `com_log` (
  `log_id` int(11) NOT NULL AUTO_INCREMENT,
  `comment_id` int(11) NOT NULL,
  `user_id` int(11) NOT NULL,
  `admin_id` int(11) NOT NULL,
  `detail` varchar(50) NOT NULL,
  `add_time` datetime NOT NULL DEFAULT CURRENT_TIMESTAMP,
  PRIMARY KEY (`log_id`),
  KEY `admin_id` (`admin_id`),
  KEY `user_id` (`user_id`),
  KEY `comment_id` (`comment_id`)
) ENGINE=InnoDB AUTO_INCREMENT=54 DEFAULT CHARSET=utf8;

--
-- 表的关联 `com_log`:
--

--
-- 转存表中的数据 `com_log`
--

INSERT INTO `com_log` (`log_id`, `comment_id`, `user_id`, `admin_id`, `detail`, `add_time`) VALUES
(1, 1, 2, 0, '添加评论成功', '2017-04-05 17:04:36'),
(2, 2, 2, 0, '添加评论成功', '2017-04-05 17:04:48'),
(3, 3, 2, 0, '添加评论成功', '2017-04-05 17:05:19'),
(4, 4, 2, 0, '添加评论成功', '2017-04-05 17:06:35'),
(5, 5, 2, 0, '添加评论成功', '2017-04-05 17:07:15'),
(6, 6, 2, 0, '添加评论成功', '2017-04-05 17:09:18'),
(7, 7, 2, 0, '添加评论成功', '2017-04-05 17:11:05'),
(8, 8, 2, 0, '添加评论成功', '2017-04-05 17:11:45'),
(9, 9, 2, 0, '回复评论', '2017-04-05 17:15:52'),
(10, 9, 2, 0, '为评论点赞', '2017-04-05 17:16:05'),
(11, 7, 2, 0, '为评论点赞', '2017-04-05 17:16:08'),
(12, 10, 3, 0, '添加评论成功', '2017-04-07 14:48:15'),
(13, 10, 1, 0, '回复评论', '2017-04-11 08:53:20'),
(14, 11, 1, 0, '回复评论', '2017-04-11 09:08:32'),
(15, 12, 1, 0, '回复评论', '2017-04-11 09:11:41'),
(16, 13, 1, 0, '回复评论', '2017-04-11 09:35:33'),
(17, 3, 1, 0, '为评论点赞', '2017-04-11 09:41:31'),
(18, 14, 1, 0, '回复评论', '2017-04-14 12:17:09'),
(19, 15, 1, 0, '回复评论', '2017-04-14 12:18:34'),
(20, 16, 1, 0, '回复评论', '2017-04-14 12:20:23'),
(21, 17, 1, 0, '回复评论', '2017-04-14 12:21:17'),
(22, 18, 1, 0, '回复评论', '2017-04-14 12:24:58'),
(23, 19, 1, 0, '回复评论', '2017-04-14 12:27:06'),
(24, 20, 1, 0, '回复评论', '2017-04-14 12:38:43'),
(25, 21, 1, 0, '回复评论', '2017-04-14 12:44:14'),
(26, 22, 1, 0, '回复评论', '2017-04-14 12:48:00'),
(27, 21, 1, 0, '删除评论', '2017-04-14 13:03:14'),
(28, 21, 1, 0, '删除评论', '2017-04-14 13:03:46'),
(29, 14, 1, 0, '删除评论', '2017-04-14 13:04:05'),
(30, 19, 1, 0, '删除评论', '2017-04-14 13:24:14'),
(31, 11, 1, 0, '删除评论', '2017-04-14 13:24:22'),
(32, 8, 1, 0, '删除评论', '2017-04-14 13:24:25'),
(33, 12, 1, 0, '删除评论', '2017-04-14 13:24:38'),
(34, 10, 1, 0, '删除评论', '2017-04-14 13:24:41'),
(35, 14, 1, 0, '删除评论', '2017-04-14 13:25:07'),
(36, 27, 7, 0, '添加评论成功', '2017-04-14 14:19:32'),
(37, 28, 6, 0, '添加评论成功', '2017-04-14 14:19:37'),
(38, 29, 7, 0, '添加评论成功', '2017-04-14 14:20:34'),
(39, 30, 7, 0, '添加评论成功', '2017-04-14 14:29:54'),
(40, 41, 7, 0, '添加评论成功', '2017-04-14 15:32:14'),
(41, 42, 7, 0, '添加评论成功', '2017-04-14 15:52:53'),
(42, 43, 1, 0, '添加评论成功', '2017-04-18 21:58:00'),
(43, 44, 1, 0, '添加评论成功', '2017-05-04 14:18:08'),
(44, 45, 1, 0, '添加评论成功', '2017-05-04 14:18:37'),
(45, 45, 1, 0, '为评论点赞', '2017-05-04 14:22:12'),
(46, 46, 7, 0, '添加评论成功', '2017-05-14 18:45:16'),
(47, 46, 7, 0, '为评论点赞', '2017-05-14 18:45:25'),
(48, 48, 0, 1, '修改评论', '2017-05-14 13:03:25'),
(49, 43, 0, 1, '删除评论', '2017-05-14 13:03:38'),
(50, 49, 7, 0, '添加评论成功', '2017-05-14 19:12:08'),
(51, 50, 7, 0, '添加评论成功', '2017-05-14 19:12:19'),
(52, 50, 0, 2, '修改评论', '2017-05-17 13:37:23'),
(53, 51, 1, 0, '添加评论成功', '2017-05-25 14:15:54');

-- --------------------------------------------------------

--
-- 表的结构 `content`
--
-- 创建时间： 2017-03-19 14:40:25
--

DROP TABLE IF EXISTS `content`;
CREATE TABLE IF NOT EXISTS `content` (
  `content_id` int(11) NOT NULL AUTO_INCREMENT,
  `user_id` int(11) NOT NULL,
  `activity_id` int(11) NOT NULL,
  `description` varchar(500) NOT NULL,
  `add_time` datetime NOT NULL DEFAULT CURRENT_TIMESTAMP,
  PRIMARY KEY (`content_id`),
  KEY `from_user_id` (`user_id`),
  KEY `to_activity_id` (`activity_id`)
) ENGINE=InnoDB AUTO_INCREMENT=51 DEFAULT CHARSET=utf8;

--
-- 表的关联 `content`:
--   `activity_id`
--       `activity` -> `activity_id`
--

--
-- 转存表中的数据 `content`
--

INSERT INTO `content` (`content_id`, `user_id`, `activity_id`, `description`, `add_time`) VALUES
(1, 1, 1, '一次船舶失事后，存活下的男人企图建造救生筏逃离荒岛，但他的计划却不断被一只神秘的巨型红海龟破坏。随后一名红发女子游到海岛上，与其生活，并有了一个孩子。一场突如其来的海啸，让三人的天堂生活顿时堕入生命垂危的地狱。最后，男子在睡梦中安详死去，而她的妻子则重新幻化为海龟，朝大海深处游去', '2017-04-04 16:03:21'),
(2, 2, 2, '《四重奏》是日本TBS电视台2017年播出的悬疑情感剧，由土井裕泰、金子文纪、坪井敏雄执导，坂元裕二编剧，松隆子、满岛光、高桥一生、松田龙平共演，于2017年1月17日首播。', '2017-04-05 10:34:42'),
(3, 1, 1, '作为一部动画片，《红海龟》在儿童观众面前显得过于高深，在成人观众那里，又略显童秩。在取消“大道理式说教”的同时，散文式的描绘，又往往让人过于沉溺于过分琐碎的吉光片羽，而忘记了电影真正想要阐述的主旨', '2017-04-05 15:41:41'),
(4, 2, 2, '《四重奏》有太多值得咂摸思索的内容，所以注定这部剧是高级的，不是那些能随便看看的剧集。这是一部需要很认真、很耐心、很用心去看的电视剧。编剧、演员、导演都在认真地表达，值得被珍重对待一样。<br />\r\n<br />\r\n该剧的高级感，不仅贯穿于整部剧对于生活、对于形而上精神领域的思考，更表现在《四重奏》本身作为电视剧的形式上：故事结构的精巧和节奏的曼妙。前四集是整个故事的第一篇章，一集交代一位主角的背景，以及这四个人为什么会有交集。第五集开始进入高潮，前四集一直铺垫的“卷杀了丈夫”的悬念揭晓。该剧的风格很文艺，正片都是娓娓道来的节奏，但每一集的结尾都一定极具冲击力。', '2017-04-05 16:01:22'),
(5, 2, 2, '在该剧播出过程中，有日本网友发现剧情中存在时间错位现象，如喝了后又出现的红酒，手机上标示的时间是夜里而其他场景是白天等等。不少剧迷怀疑是编剧埋下伏笔，据此开始理顺时间线，试图“还原“故事”。制作人佐野亚裕美更新推特表示那些全是拍摄时道具马虎造成的，并向观众道歉。', '2017-04-05 16:02:21'),
(6, 2, 2, '演员们的表演也堪称完美，松隆子将真纪的克制、理性诠释得不动声色；满岛光身上的慵懒、漫不经心的气质，让雀这个人物可爱得很独特；松田龙平有别府的落寞与精英交织的气质；高桥一生把家森的矛盾与逗趣，演绎得丝丝入扣.', '2017-04-05 16:05:40'),
(7, 2, 2, '剧中四个人物都不是世俗意义上的成功者。但人生本就是不圆满的，不圆满才是常态。描写他们，才是在描写真实。而《四重奏》又不沉湎于悲伤，它的主人公们用对艺术的热爱拯救了困顿的生活。尽管他们没有办法依靠艺术生活，但他们能从艺术中找到欢乐', '2017-04-05 16:07:08'),
(43, 1, 1, '图文描述', '2017-04-18 21:57:37'),
(44, 1, 22, '国家重点学科有新闻学、广播电视艺术学；<br />\r\n国家重点培育学科为传播学；<br />\r\n一级学科有新闻传播学、艺术学理论、戏剧与影视学；<br />\r\n二级学科有语言学及应用语言学、通信与信息系统、电磁场与微波技术、动画学；', '2017-05-04 09:39:01'),
(45, 1, 22, '中国传媒大学标志徽于1984年该校学子钟诚为校庆30周年设计。<br />\r\n图案外围是三个老式钢笔的笔尖侧面图，代表用笔书写的新闻记者；内部围成相机快门的形状，代表用图像表达的摄影专业；发射塔造型代表提供技术支持的通信专业。文科、艺术、工科得到了完美的融合。', '2017-05-04 10:49:47'),
(46, 2, 24, '小组成员~', '2017-05-14 18:52:55'),
(47, 2, 24, '咻咻', '2017-05-14 18:58:45'),
(48, 1, 34, '观众', '2017-05-17 14:12:56'),
(49, 1, 34, '直播现场', '2017-05-17 14:14:24'),
(50, 1, 35, '现场直播中', '2017-05-25 14:15:04');

-- --------------------------------------------------------

--
-- 表的结构 `cont_img`
--
-- 创建时间： 2017-03-16 12:21:22
--

DROP TABLE IF EXISTS `cont_img`;
CREATE TABLE IF NOT EXISTS `cont_img` (
  `img_id` int(11) NOT NULL AUTO_INCREMENT,
  `content_id` int(11) NOT NULL,
  `user_id` int(11) NOT NULL,
  `img_name` varchar(50) NOT NULL,
  PRIMARY KEY (`img_id`),
  KEY `content_id` (`content_id`),
  KEY `user_id` (`user_id`)
) ENGINE=InnoDB AUTO_INCREMENT=81 DEFAULT CHARSET=utf8;

--
-- 表的关联 `cont_img`:
--   `content_id`
--       `content` -> `content_id`
--

--
-- 转存表中的数据 `cont_img`
--

INSERT INTO `cont_img` (`img_id`, `content_id`, `user_id`, `img_name`) VALUES
(1, 1, 1, 'content_17040416032123.JPG'),
(2, 2, 2, 'content_17040510344229.JPG'),
(3, 2, 2, 'content_17040510344252.JPG'),
(4, 2, 2, 'content_17040510344210.JPG'),
(5, 2, 2, 'content_17040510344221.JPG'),
(6, 3, 1, 'content_17040515414123.JPG'),
(7, 3, 1, 'content_17040515414252.JPG'),
(8, 3, 1, 'content_17040515414264.JPG'),
(9, 4, 2, 'content_17040516012211.png'),
(10, 4, 2, 'content_17040516012278.png'),
(11, 4, 2, 'content_17040516012229.png'),
(12, 5, 2, 'content_17040516022182.png'),
(13, 5, 2, 'content_17040516022128.png'),
(14, 6, 2, 'content_17040516054091.jpg'),
(15, 6, 2, 'content_17040516054023.jpg'),
(16, 6, 2, 'content_17040516054011.jpg'),
(17, 6, 2, 'content_17040516054075.jpg'),
(18, 7, 2, 'content_17040516070839.JPG'),
(56, 43, 1, 'content_17041821573786.JPG'),
(57, 43, 1, 'content_17041821573784.JPG'),
(58, 43, 1, 'content_17041821573754.JPG'),
(59, 43, 1, 'content_17041821573781.PNG'),
(60, 44, 1, 'content_17050409390113.JPG'),
(61, 44, 1, 'content_17050409390110.JPG'),
(62, 44, 1, 'content_17050409390281.JPG'),
(63, 44, 1, 'content_17050409390231.JPG'),
(64, 45, 1, 'content_17050410494774.JPG'),
(65, 45, 1, 'content_17050410494888.JPG'),
(66, 45, 1, 'content_17050410494862.JPG'),
(67, 46, 2, 'content_17051418525510.jpg'),
(68, 46, 2, 'content_17051418525694.jpg'),
(69, 46, 2, 'content_17051418525678.jpg'),
(70, 46, 2, 'content_17051418525757.jpg'),
(71, 47, 2, 'content_17051418584523.jpg'),
(72, 48, 1, 'null.jpg'),
(73, 49, 1, 'content_17051714142476.jpg'),
(74, 49, 1, 'content_17051714142537.jpg'),
(75, 49, 1, 'content_17051714142548.jpg'),
(76, 49, 1, 'content_17051714142673.jpg'),
(77, 50, 1, 'content_17052514150419.jpg'),
(78, 50, 1, 'content_17052514150524.JPG'),
(79, 50, 1, 'content_17052514150520.JPG'),
(80, 50, 1, 'content_17052514150646.jpg');

-- --------------------------------------------------------

--
-- 表的结构 `cont_like`
--
-- 创建时间： 2017-03-20 03:29:29
--

DROP TABLE IF EXISTS `cont_like`;
CREATE TABLE IF NOT EXISTS `cont_like` (
  `user_id` int(11) NOT NULL,
  `content_id` int(11) NOT NULL,
  `add_time` datetime NOT NULL DEFAULT CURRENT_TIMESTAMP,
  KEY `content_id` (`content_id`),
  KEY `user_id` (`user_id`) USING BTREE
) ENGINE=InnoDB DEFAULT CHARSET=utf8;

--
-- 表的关联 `cont_like`:
--   `content_id`
--       `content` -> `content_id`
--   `user_id`
--       `user` -> `user_id`
--

--
-- 转存表中的数据 `cont_like`
--

INSERT INTO `cont_like` (`user_id`, `content_id`, `add_time`) VALUES
(7, 45, '2017-05-14 18:45:02'),
(7, 44, '2017-05-14 18:45:30'),
(7, 47, '2017-05-14 19:11:43'),
(1, 50, '2017-05-25 14:15:47');

-- --------------------------------------------------------

--
-- 表的结构 `cont_log`
--
-- 创建时间： 2017-04-04 04:09:47
--

DROP TABLE IF EXISTS `cont_log`;
CREATE TABLE IF NOT EXISTS `cont_log` (
  `log_id` int(11) NOT NULL AUTO_INCREMENT,
  `content_id` int(11) NOT NULL,
  `user_id` int(11) NOT NULL,
  `admin_id` int(11) NOT NULL,
  `detail` varchar(50) NOT NULL,
  `add_time` datetime NOT NULL DEFAULT CURRENT_TIMESTAMP,
  PRIMARY KEY (`log_id`),
  KEY `content_id` (`content_id`),
  KEY `user_id` (`user_id`),
  KEY `admin_id` (`admin_id`)
) ENGINE=InnoDB AUTO_INCREMENT=172 DEFAULT CHARSET=utf8;

--
-- 表的关联 `cont_log`:
--

--
-- 转存表中的数据 `cont_log`
--

INSERT INTO `cont_log` (`log_id`, `content_id`, `user_id`, `admin_id`, `detail`, `add_time`) VALUES
(1, 1, 1, 0, '向(1)添加图文成功', '2017-04-04 16:03:21'),
(2, 1, 1, 0, '添加图片(1)成功', '2017-04-04 16:03:21'),
(3, 2, 2, 0, '向(2)添加图文成功', '2017-04-05 10:34:42'),
(4, 2, 2, 0, '添加图片(2)成功', '2017-04-05 10:34:42'),
(5, 2, 2, 0, '添加图片(3)成功', '2017-04-05 10:34:42'),
(6, 2, 2, 0, '添加图片(4)成功', '2017-04-05 10:34:42'),
(7, 2, 2, 0, '添加图片(5)成功', '2017-04-05 10:34:42'),
(8, 1, 1, 0, '添加喜欢成功', '2017-04-05 15:32:24'),
(9, 3, 1, 0, '向(1)添加图文成功', '2017-04-05 15:41:41'),
(10, 3, 1, 0, '添加图片(6)成功', '2017-04-05 15:41:42'),
(11, 3, 1, 0, '添加图片(7)成功', '2017-04-05 15:41:42'),
(12, 3, 1, 0, '添加图片(8)成功', '2017-04-05 15:41:42'),
(13, 4, 2, 0, '向(2)添加图文成功', '2017-04-05 16:01:22'),
(14, 4, 2, 0, '添加图片(9)成功', '2017-04-05 16:01:22'),
(15, 4, 2, 0, '添加图片(10)成功', '2017-04-05 16:01:22'),
(16, 4, 2, 0, '添加图片(11)成功', '2017-04-05 16:01:22'),
(17, 5, 2, 0, '向(2)添加图文成功', '2017-04-05 16:02:21'),
(18, 5, 2, 0, '添加图片(12)成功', '2017-04-05 16:02:21'),
(19, 5, 2, 0, '添加图片(13)成功', '2017-04-05 16:02:21'),
(20, 6, 2, 0, '向(2)添加图文成功', '2017-04-05 16:05:40'),
(21, 6, 2, 0, '添加图片(14)成功', '2017-04-05 16:05:40'),
(22, 6, 2, 0, '添加图片(15)成功', '2017-04-05 16:05:40'),
(23, 6, 2, 0, '添加图片(16)成功', '2017-04-05 16:05:40'),
(24, 6, 2, 0, '添加图片(17)成功', '2017-04-05 16:05:41'),
(25, 7, 2, 0, '向(2)添加图文成功', '2017-04-05 16:07:08'),
(26, 7, 2, 0, '添加图片(18)成功', '2017-04-05 16:07:08'),
(27, 8, 1, 0, '向(3)添加图文成功', '2017-04-07 14:42:49'),
(28, 8, 1, 0, '添加图片(19)成功', '2017-04-07 14:42:49'),
(29, 8, 1, 0, '添加喜欢成功', '2017-04-07 14:43:04'),
(30, 9, 4, 0, '向(4)添加图文成功', '2017-04-07 14:56:13'),
(31, 9, 4, 0, '添加图片(20)成功', '2017-04-07 14:56:14'),
(32, 10, 4, 0, '向(4)添加图文成功', '2017-04-07 14:58:12'),
(33, 10, 4, 0, '添加图片(21)成功', '2017-04-07 14:58:12'),
(34, 11, 1, 0, '向(3)添加图文成功', '2017-04-07 16:41:10'),
(35, 11, 1, 0, '添加图片(22)成功', '2017-04-07 16:41:10'),
(36, 11, 1, 0, '添加图片(23)成功', '2017-04-07 16:41:10'),
(37, 11, 1, 0, '添加图片(24)成功', '2017-04-07 16:41:10'),
(38, 11, 1, 0, '添加图片(25)成功', '2017-04-07 16:41:10'),
(39, 12, 1, 0, '向(3)添加图文成功', '2017-04-07 16:44:56'),
(40, 13, 1, 0, '向(3)添加图文成功', '2017-04-07 16:46:05'),
(41, 14, 1, 0, '向(3)添加图文成功', '2017-04-07 16:55:53'),
(42, 15, 1, 0, '向(3)添加图文成功', '2017-04-07 16:57:07'),
(43, 16, 1, 0, '向(3)添加图文成功', '2017-04-07 16:57:48'),
(44, 17, 1, 0, '向(3)添加图文成功', '2017-04-07 16:57:53'),
(45, 18, 1, 0, '向(3)添加图文成功', '2017-04-07 16:58:13'),
(46, 18, 1, 0, '添加图片(26)成功', '2017-04-07 16:58:15'),
(47, 19, 1, 0, '向(3)添加图文成功', '2017-04-07 16:58:54'),
(48, 20, 1, 0, '向(3)添加图文成功', '2017-04-07 17:02:20'),
(49, 21, 1, 0, '向(3)添加图文成功', '2017-04-07 17:06:46'),
(50, 21, 1, 0, '添加图片(27)成功', '2017-04-07 17:06:46'),
(51, 22, 1, 0, '向(3)添加图文成功', '2017-04-07 17:07:17'),
(52, 22, 1, 0, '添加图片(28)成功', '2017-04-07 17:07:19'),
(53, 23, 1, 0, '向(3)添加图文成功', '2017-04-07 17:07:51'),
(54, 23, 1, 0, '添加图片(29)成功', '2017-04-07 17:07:53'),
(55, 24, 1, 0, '向(3)添加图文成功', '2017-04-07 17:09:01'),
(56, 24, 1, 0, '添加图片(30)成功', '2017-04-07 17:09:01'),
(57, 24, 1, 0, '添加图片(31)成功', '2017-04-07 17:09:02'),
(58, 24, 1, 0, '删除图文', '2017-04-07 17:12:58'),
(59, 8, 1, 0, '删除图文', '2017-04-07 17:13:39'),
(60, 12, 1, 0, '删除图文', '2017-04-07 17:14:40'),
(61, 13, 1, 0, '删除图文', '2017-04-07 17:14:44'),
(62, 18, 1, 0, '删除图文', '2017-04-07 17:14:49'),
(63, 20, 1, 0, '删除图文', '2017-04-07 17:14:59'),
(64, 17, 1, 0, '删除图文', '2017-04-07 17:15:03'),
(65, 19, 1, 0, '删除图文', '2017-04-07 17:15:24'),
(66, 16, 1, 0, '删除图文', '2017-04-07 17:15:26'),
(67, 15, 1, 0, '删除图文', '2017-04-07 17:15:29'),
(68, 14, 1, 0, '删除图文', '2017-04-07 17:15:32'),
(69, 11, 1, 0, '删除图文', '2017-04-07 17:15:43'),
(70, 21, 1, 0, '删除图文', '2017-04-07 17:15:52'),
(71, 24, 1, 0, '向(1)添加图文成功', '2017-04-11 10:08:27'),
(72, 24, 1, 0, '添加图片(30)成功', '2017-04-11 10:08:28'),
(73, 24, 1, 0, '添加图片(31)成功', '2017-04-11 10:08:29'),
(74, 25, 1, 0, '向(3)添加图文成功', '2017-04-11 10:12:00'),
(75, 25, 1, 0, '添加图片(32)成功', '2017-04-11 10:12:00'),
(76, 25, 1, 0, '添加图片(33)成功', '2017-04-11 10:12:00'),
(77, 26, 1, 0, '向(3)添加图文成功', '2017-04-11 10:13:48'),
(78, 26, 1, 0, '添加图片(34)成功', '2017-04-11 10:13:48'),
(79, 26, 1, 0, '添加图片(35)成功', '2017-04-11 10:13:48'),
(80, 27, 1, 0, '向(3)添加图文成功', '2017-04-11 10:14:42'),
(81, 27, 1, 0, '添加图片(36)成功', '2017-04-11 10:14:43'),
(82, 27, 1, 0, '添加图片(37)成功', '2017-04-11 10:14:44'),
(83, 24, 1, 0, '删除图文', '2017-04-14 12:13:02'),
(84, 28, 6, 0, '向(5)添加图文成功', '2017-04-14 14:18:37'),
(85, 28, 6, 0, '添加图片(38)成功', '2017-04-14 14:18:37'),
(86, 28, 6, 0, '添加图片(39)成功', '2017-04-14 14:18:38'),
(87, 29, 7, 0, '向(7)添加图文成功', '2017-04-14 14:19:07'),
(88, 29, 7, 0, '添加图片(40)成功', '2017-04-14 14:19:08'),
(89, 30, 7, 0, '向(7)添加图文成功', '2017-04-14 14:19:09'),
(90, 30, 7, 0, '添加图片(41)成功', '2017-04-14 14:19:10'),
(91, 29, 7, 0, '删除图文', '2017-04-14 14:19:23'),
(92, 30, 6, 0, '添加喜欢成功', '2017-04-14 14:20:02'),
(93, 31, 6, 0, '向(5)添加图文成功', '2017-04-14 14:22:31'),
(94, 31, 6, 0, '添加图片(42)成功', '2017-04-14 14:22:32'),
(95, 32, 7, 0, '向(7)添加图文成功', '2017-04-14 14:24:51'),
(96, 32, 7, 0, '添加图片(43)成功', '2017-04-14 14:24:52'),
(97, 32, 7, 0, '添加喜欢成功', '2017-04-14 14:24:59'),
(98, 30, 7, 0, '添加喜欢成功', '2017-04-14 14:25:01'),
(99, 33, 7, 0, '向(7)添加图文成功', '2017-04-14 14:26:22'),
(100, 33, 7, 0, '添加图片(44)成功', '2017-04-14 14:26:23'),
(101, 34, 6, 0, '向(5)添加图文成功', '2017-04-14 14:28:53'),
(102, 34, 6, 0, '添加图片(45)成功', '2017-04-14 14:28:53'),
(103, 35, 7, 0, '向(7)添加图文成功', '2017-04-14 14:53:00'),
(104, 35, 7, 0, '添加图片(46)成功', '2017-04-14 14:53:01'),
(105, 35, 7, 0, '添加图片(47)成功', '2017-04-14 14:53:01'),
(106, 36, 11, 0, '向(18)添加图文成功', '2017-04-14 15:18:50'),
(107, 36, 11, 0, '添加图片(48)成功', '2017-04-14 15:18:51'),
(108, 37, 7, 0, '向(7)添加图文成功', '2017-04-14 15:24:21'),
(109, 37, 7, 0, '添加图片(49)成功', '2017-04-14 15:24:21'),
(110, 38, 7, 0, '向(7)添加图文成功', '2017-04-14 15:25:15'),
(111, 38, 7, 0, '添加图片(50)成功', '2017-04-14 15:25:16'),
(112, 39, 7, 0, '向(7)添加图文成功', '2017-04-14 15:33:11'),
(113, 39, 7, 0, '添加图片(51)成功', '2017-04-14 15:33:12'),
(114, 40, 7, 0, '向(7)添加图文成功', '2017-04-14 15:36:23'),
(115, 40, 7, 0, '添加图片(52)成功', '2017-04-14 15:36:24'),
(116, 40, 7, 0, '修改图文描述', '2017-04-14 15:37:00'),
(117, 32, 7, 0, '修改图文描述', '2017-04-14 15:41:40'),
(118, 41, 1, 0, '向(22)添加图文成功', '2017-04-14 15:50:37'),
(119, 41, 1, 0, '添加图片(53)成功', '2017-04-14 15:50:37'),
(120, 41, 1, 0, '添加图片(54)成功', '2017-04-14 15:50:38'),
(121, 42, 7, 0, '向(7)添加图文成功', '2017-04-14 15:50:45'),
(122, 42, 7, 0, '添加图片(55)成功', '2017-04-14 15:50:47'),
(123, 41, 7, 0, '添加喜欢成功', '2017-04-14 15:52:41'),
(124, 43, 1, 0, '向(1)添加图文成功', '2017-04-18 21:57:37'),
(125, 43, 1, 0, '添加图片(56)成功', '2017-04-18 21:57:37'),
(126, 43, 1, 0, '添加图片(57)成功', '2017-04-18 21:57:37'),
(127, 43, 1, 0, '添加图片(58)成功', '2017-04-18 21:57:37'),
(128, 43, 1, 0, '添加图片(59)成功', '2017-04-18 21:57:37'),
(129, 44, 1, 0, '向(22)添加图文成功', '2017-05-04 09:39:01'),
(130, 44, 1, 0, '添加图片(60)成功', '2017-05-04 09:39:01'),
(131, 44, 1, 0, '添加图片(61)成功', '2017-05-04 09:39:02'),
(132, 44, 1, 0, '添加图片(62)成功', '2017-05-04 09:39:02'),
(133, 44, 1, 0, '添加图片(63)成功', '2017-05-04 09:39:02'),
(134, 45, 1, 0, '向(22)添加图文成功', '2017-05-04 10:49:47'),
(135, 45, 1, 0, '添加图片(64)成功', '2017-05-04 10:49:48'),
(136, 45, 1, 0, '添加图片(65)成功', '2017-05-04 10:49:48'),
(137, 45, 1, 0, '添加图片(66)成功', '2017-05-04 10:49:48'),
(138, 45, 1, 0, '添加喜欢成功', '2017-05-04 14:18:10'),
(139, 3, 0, 2, '修改图文配文成功', '2017-05-14 17:44:22'),
(140, 45, 7, 0, '添加喜欢成功', '2017-05-14 18:45:02'),
(141, 44, 7, 0, '添加喜欢成功', '2017-05-14 18:45:30'),
(142, 46, 2, 0, '向(24)添加图文成功', '2017-05-14 18:52:55'),
(143, 46, 2, 0, '添加图片(67)成功', '2017-05-14 18:52:56'),
(144, 46, 2, 0, '添加图片(68)成功', '2017-05-14 18:52:56'),
(145, 46, 2, 0, '添加图片(69)成功', '2017-05-14 18:52:57'),
(146, 46, 2, 0, '添加图片(70)成功', '2017-05-14 18:52:57'),
(147, 47, 2, 0, '向(24)添加图文成功', '2017-05-14 18:58:45'),
(148, 47, 2, 0, '添加图片(71)成功', '2017-05-14 18:58:45'),
(149, 48, 2, 0, '向(24)添加图文成功', '2017-05-14 18:59:17'),
(150, 48, 2, 0, '添加图片(72)成功', '2017-05-14 18:59:17'),
(151, 48, 2, 0, '添加图片(73)成功', '2017-05-14 18:59:18'),
(152, 48, 0, 1, '删除图文配图', '2017-05-14 12:59:35'),
(153, 48, 0, 1, '修改图文配图成功', '2017-05-14 19:01:04'),
(154, 48, 0, 1, '删除图文', '2017-05-14 13:01:53'),
(155, 47, 7, 0, '添加喜欢成功', '2017-05-14 19:11:43'),
(156, 46, 0, 2, '修改图文配文成功', '2017-05-17 13:37:38'),
(157, 48, 1, 0, '向(34)添加图文成功', '2017-05-17 14:12:56'),
(158, 48, 1, 0, '添加图片(72)成功', '2017-05-17 14:12:56'),
(159, 48, 0, 2, '删除图文配图(72)', '2017-05-17 14:13:33'),
(160, 49, 1, 0, '向(34)添加图文成功', '2017-05-17 14:14:24'),
(161, 49, 1, 0, '添加图片(73)成功', '2017-05-17 14:14:25'),
(162, 49, 1, 0, '添加图片(74)成功', '2017-05-17 14:14:25'),
(163, 49, 1, 0, '添加图片(75)成功', '2017-05-17 14:14:26'),
(164, 49, 1, 0, '添加图片(76)成功', '2017-05-17 14:14:27'),
(165, 50, 1, 0, '向(35)添加图文成功', '2017-05-25 14:15:04'),
(166, 50, 1, 0, '添加图片(77)成功', '2017-05-25 14:15:05'),
(167, 50, 1, 0, '添加图片(78)成功', '2017-05-25 14:15:05'),
(168, 50, 1, 0, '添加图片(79)成功', '2017-05-25 14:15:06'),
(169, 50, 1, 0, '添加图片(80)成功', '2017-05-25 14:15:06'),
(170, 50, 1, 0, '修改图文描述', '2017-05-25 14:15:36'),
(171, 50, 1, 0, '添加喜欢成功', '2017-05-25 14:15:47');

-- --------------------------------------------------------

--
-- 表的结构 `message`
--
-- 创建时间： 2017-03-28 02:37:32
--

DROP TABLE IF EXISTS `message`;
CREATE TABLE IF NOT EXISTS `message` (
  `message_id` int(11) NOT NULL AUTO_INCREMENT,
  `from_type` tinyint(1) NOT NULL COMMENT '判断id在哪个数据表中找。0-(统一显示为)管理员；1-通过用户id查找用户名',
  `from_id` int(11) NOT NULL,
  `to_user_id` int(11) NOT NULL,
  `detail` varchar(500) NOT NULL,
  `send_time` datetime NOT NULL DEFAULT CURRENT_TIMESTAMP,
  PRIMARY KEY (`message_id`),
  KEY `to_user_id` (`to_user_id`)
) ENGINE=InnoDB DEFAULT CHARSET=utf8;

--
-- 表的关联 `message`:
--   `to_user_id`
--       `user` -> `user_id`
--

-- --------------------------------------------------------

--
-- 表的结构 `report`
--
-- 创建时间： 2017-03-20 10:44:39
--

DROP TABLE IF EXISTS `report`;
CREATE TABLE IF NOT EXISTS `report` (
  `report_id` int(11) NOT NULL AUTO_INCREMENT,
  `user_id` int(11) NOT NULL,
  `reason` varchar(100) NOT NULL,
  `on_type` varchar(11) NOT NULL COMMENT '先判断举报内容,值可以有activity,content,comment',
  `on_id` int(11) NOT NULL COMMENT '对应id',
  `report_time` datetime NOT NULL DEFAULT CURRENT_TIMESTAMP,
  `is_handled` tinyint(1) NOT NULL DEFAULT '0' COMMENT '是否被管理员处理；0-未被处理；1-已处理，php更新状态',
  `admin_id` int(11) NOT NULL COMMENT '处理的管理员',
  `handle_time` datetime NOT NULL,
  PRIMARY KEY (`report_id`),
  KEY `user_id` (`user_id`)
) ENGINE=InnoDB AUTO_INCREMENT=3 DEFAULT CHARSET=utf8;

--
-- 表的关联 `report`:
--

--
-- 转存表中的数据 `report`
--

INSERT INTO `report` (`report_id`, `user_id`, `reason`, `on_type`, `on_id`, `report_time`, `is_handled`, `admin_id`, `handle_time`) VALUES
(1, 3, '偷我的图', 'content', 8, '2017-04-07 14:48:00', 0, 0, '0000-00-00 00:00:00'),
(2, 1, '举报', 'content', 50, '2017-05-25 14:15:44', 0, 0, '0000-00-00 00:00:00');

-- --------------------------------------------------------

--
-- 表的结构 `school`
--
-- 创建时间： 2017-03-19 14:17:31
--

DROP TABLE IF EXISTS `school`;
CREATE TABLE IF NOT EXISTS `school` (
  `school_id` int(11) NOT NULL AUTO_INCREMENT,
  `school_name` varchar(50) NOT NULL,
  PRIMARY KEY (`school_id`)
) ENGINE=InnoDB AUTO_INCREMENT=28 DEFAULT CHARSET=utf8;

--
-- 表的关联 `school`:
--

--
-- 转存表中的数据 `school`
--

INSERT INTO `school` (`school_id`, `school_name`) VALUES
(16, 'a'),
(17, '中国传媒大学'),
(18, '中国传媒大学 北广学院'),
(19, '中国传媒大学'),
(20, '北京大学'),
(21, '中国传媒大学'),
(22, '中国传媒大学'),
(23, '北京邮电大学'),
(24, '中传'),
(25, '中传'),
(26, '中传'),
(27, 'cuc');

-- --------------------------------------------------------

--
-- 表的结构 `security_question`
--
-- 创建时间： 2017-03-16 04:37:20
--

DROP TABLE IF EXISTS `security_question`;
CREATE TABLE IF NOT EXISTS `security_question` (
  `security_question_id` int(11) NOT NULL AUTO_INCREMENT,
  `question` varchar(50) NOT NULL,
  PRIMARY KEY (`security_question_id`)
) ENGINE=InnoDB AUTO_INCREMENT=11 DEFAULT CHARSET=utf8;

--
-- 表的关联 `security_question`:
--

--
-- 转存表中的数据 `security_question`
--

INSERT INTO `security_question` (`security_question_id`, `question`) VALUES
(1, '项目名'),
(2, '我的家有几口人'),
(3, '1'),
(4, '实验室在几楼'),
(5, 'c'),
(6, '我是'),
(7, '我的名字'),
(8, '我的性别'),
(9, 'a'),
(10, 'a');

-- --------------------------------------------------------

--
-- 表的结构 `user`
--
-- 创建时间： 2017-03-16 14:36:51
--

DROP TABLE IF EXISTS `user`;
CREATE TABLE IF NOT EXISTS `user` (
  `user_id` int(11) NOT NULL AUTO_INCREMENT,
  `logname` varchar(20) NOT NULL,
  `uname` varchar(20) NOT NULL,
  `password` varchar(30) NOT NULL,
  `type` smallint(6) NOT NULL DEFAULT '0' COMMENT '0-用户，1-发布者',
  `headimg` varchar(50) NOT NULL,
  `school_id` int(11) NOT NULL,
  `is_deleted` tinyint(4) NOT NULL DEFAULT '0' COMMENT '0-未删除，1-已删除，用户名还是不能重复注册',
  `is_locked` tinyint(4) NOT NULL DEFAULT '0' COMMENT '0-未锁定，1-已锁定，并在log_lock数据表中记录',
  `introduction` varchar(500) NOT NULL,
  `security_question_id` int(11) NOT NULL,
  `security_answer` varchar(50) NOT NULL,
  `create_time` datetime NOT NULL DEFAULT CURRENT_TIMESTAMP,
  `lastlogin_time` datetime NOT NULL DEFAULT CURRENT_TIMESTAMP,
  `warned_times` int(11) NOT NULL DEFAULT '0',
  `warned_total` int(11) NOT NULL DEFAULT '0',
  PRIMARY KEY (`user_id`),
  KEY `security_question_id` (`security_question_id`),
  KEY `school_id` (`school_id`)
) ENGINE=InnoDB AUTO_INCREMENT=14 DEFAULT CHARSET=utf8;

--
-- 表的关联 `user`:
--   `school_id`
--       `school` -> `school_id`
--   `security_question_id`
--       `security_question` -> `security_question_id`
--

--
-- 转存表中的数据 `user`
--

INSERT INTO `user` (`user_id`, `logname`, `uname`, `password`, `type`, `headimg`, `school_id`, `is_deleted`, `is_locked`, `introduction`, `security_question_id`, `security_answer`, `create_time`, `lastlogin_time`, `warned_times`, `warned_total`) VALUES
(1, 'a', 'a', 'a', 2, 'user_170525141708.JPG', 17, 0, 0, '我是a', 1, '', '2017-05-14 18:44:21', '2017-05-25 14:11:32', 0, 0),
(2, 'b', 'b', 'b', 2, 'default4.jpg', 20, 0, 0, '', 2, '4', '2017-04-05 10:25:28', '2017-05-14 19:17:00', 0, 0),
(3, 'k', 'k', '123', 1, 'user_170407144854.jpg', 21, 0, 0, '', 3, '1', '2017-04-07 14:47:27', '2017-05-04 13:27:55', 0, 0),
(4, '袁欣瑞', '袁欣瑞', '123', 2, 'user_170407145249.jpg', 22, 0, 0, '', 4, '8', '2017-04-07 14:50:45', '2017-04-14 11:46:16', 0, 0),
(5, 'c', 'c', 'c', 1, 'default4.jpg', 23, 0, 0, '', 5, 'c', '2017-04-07 22:52:07', '2017-04-07 22:52:07', 0, 0),
(6, 'kiki', 'kiki', 'kiki', 2, 'user_170414141634.JPG', 24, 0, 0, '', 6, '琪琪', '2017-04-14 14:14:02', '2017-05-04 09:16:07', 0, 0),
(7, 'meteorwish', 'meteorwish', '123456', 2, 'user_170514191246.jpg', 25, 0, 0, '乖巧.jpg', 7, '李雪', '2017-04-14 14:15:22', '2017-05-14 18:43:19', 0, 0),
(8, 'meteor', 'meteor', '123456', 1, 'default3.jpg', 17, 0, 0, '我是后台测试小君', 8, '女', '2017-04-14 14:30:56', '2017-04-14 14:34:13', 0, 0),
(9, 'gz', 'gz', 'gz', 1, 'default2.jpg', 24, 0, 0, '', 9, 'a', '2017-04-14 14:45:00', '2017-04-14 14:47:50', 0, 0),
(10, 'MM', 'MM', '123456', 0, '', 16, 0, 0, '', 1, 'MM', '2017-04-14 15:10:15', '2017-04-14 15:10:15', 0, 0),
(11, '111', '111', '111', 2, 'default3.jpg', 27, 0, 0, '', 10, 'a', '2017-04-14 15:11:58', '2017-05-04 09:17:31', 0, 0),
(12, 'xzth', 'xzth', 'xzth', 0, 'xzth.jpg', 20, 0, 0, 'hello', 3, 'xzth', '2017-05-14 18:06:03', '2017-05-14 18:06:03', 0, 0),
(13, 'd', 'd', 'd', 0, '', 16, 0, 0, '', 1, 'd', '2017-05-14 18:42:25', '2017-05-14 18:42:25', 0, 0);

-- --------------------------------------------------------

--
-- 表的结构 `user_lock`
--
-- 创建时间： 2017-03-16 12:20:08
--

DROP TABLE IF EXISTS `user_lock`;
CREATE TABLE IF NOT EXISTS `user_lock` (
  `user_id` int(11) NOT NULL,
  `admin_id` int(11) NOT NULL,
  `reason` varchar(100) NOT NULL,
  `lock_time` datetime NOT NULL DEFAULT CURRENT_TIMESTAMP,
  `unlock_time` datetime DEFAULT NULL,
  KEY `user_id` (`user_id`),
  KEY `admin_id` (`admin_id`)
) ENGINE=InnoDB DEFAULT CHARSET=utf8;

--
-- 表的关联 `user_lock`:
--   `user_id`
--       `user` -> `user_id`
--

-- --------------------------------------------------------

--
-- 表的结构 `user_log`
--
-- 创建时间： 2017-04-04 04:10:00
--

DROP TABLE IF EXISTS `user_log`;
CREATE TABLE IF NOT EXISTS `user_log` (
  `log_id` int(11) NOT NULL AUTO_INCREMENT,
  `user_id` int(11) NOT NULL,
  `admin_id` int(11) NOT NULL,
  `detail` varchar(50) NOT NULL,
  `add_time` datetime NOT NULL DEFAULT CURRENT_TIMESTAMP,
  PRIMARY KEY (`log_id`),
  KEY `user_id` (`user_id`),
  KEY `admin_id` (`admin_id`)
) ENGINE=InnoDB AUTO_INCREMENT=110 DEFAULT CHARSET=utf8;

--
-- 表的关联 `user_log`:
--

--
-- 转存表中的数据 `user_log`
--

INSERT INTO `user_log` (`log_id`, `user_id`, `admin_id`, `detail`, `add_time`) VALUES
(6, 1, 0, '用户登录', '2017-04-04 15:57:39'),
(7, 1, 0, '用户登录', '2017-04-04 15:58:30'),
(8, 1, 0, '用户登录', '2017-04-05 10:24:39'),
(9, 1, 0, '退出登录', '2017-04-05 10:24:53'),
(10, 2, 0, '用户注册', '2017-04-05 10:25:28'),
(11, 2, 0, '用户登录', '2017-04-05 10:39:32'),
(12, 1, 0, '用户登录', '2017-04-05 15:20:36'),
(13, 2, 0, '用户登录', '2017-04-05 15:56:07'),
(14, 1, 0, '用户登录', '2017-04-07 13:27:58'),
(15, 1, 0, '修改头像', '2017-04-07 13:32:37'),
(16, 1, 0, '修改头像', '2017-04-07 13:33:47'),
(17, 1, 0, '修改头像', '2017-04-07 13:35:03'),
(18, 1, 0, '用户登录', '2017-04-07 14:40:25'),
(19, 3, 0, '用户注册', '2017-04-07 14:47:28'),
(20, 3, 0, '举报content(on_id)', '2017-04-07 14:48:00'),
(21, 3, 0, '修改头像', '2017-04-07 14:48:55'),
(22, 1, 0, '退出登录', '2017-04-07 14:49:18'),
(23, 3, 0, '退出登录', '2017-04-07 14:49:40'),
(24, 4, 0, '用户注册', '2017-04-07 14:50:45'),
(25, 4, 0, '修改头像', '2017-04-07 14:52:49'),
(26, 1, 0, '用户登录', '2017-04-07 15:09:24'),
(27, 1, 0, '用户登录', '2017-04-07 15:16:41'),
(28, 5, 0, '用户注册', '2017-04-07 22:52:07'),
(29, 1, 0, '用户登录', '2017-04-10 22:18:17'),
(30, 1, 0, '用户登录', '2017-04-11 08:53:10'),
(31, 1, 0, '用户登录', '2017-04-11 09:35:22'),
(32, 1, 0, '用户登录', '2017-04-11 10:11:16'),
(33, 1, 0, '退出登录', '2017-04-11 11:07:14'),
(34, 1, 0, '用户登录', '2017-04-11 23:11:58'),
(35, 1, 0, '用户登录', '2017-04-14 11:05:23'),
(36, 1, 0, '退出登录', '2017-04-14 11:07:53'),
(37, 4, 0, '用户登录', '2017-04-14 11:46:16'),
(38, 4, 0, '退出登录', '2017-04-14 12:12:08'),
(39, 1, 0, '用户登录', '2017-04-14 12:12:15'),
(40, 6, 0, '用户注册', '2017-04-14 14:14:02'),
(41, 7, 0, '用户注册', '2017-04-14 14:15:22'),
(42, 6, 0, '修改头像', '2017-04-14 14:16:34'),
(43, 6, 0, '用户登录', '2017-04-14 14:28:22'),
(44, 7, 0, '退出登录', '2017-04-14 14:30:09'),
(45, 8, 0, '用户注册', '2017-04-14 14:30:56'),
(46, 6, 0, '退出登录', '2017-04-14 14:33:43'),
(47, 8, 0, '用户登录', '2017-04-14 14:34:13'),
(48, 8, 0, '退出登录', '2017-04-14 14:38:39'),
(49, 6, 0, '退出登录', '2017-04-14 14:44:38'),
(50, 9, 0, '用户注册', '2017-04-14 14:45:00'),
(51, 9, 0, '退出登录', '2017-04-14 14:46:48'),
(52, 9, 0, '用户登录', '2017-04-14 14:46:56'),
(53, 9, 0, '退出登录', '2017-04-14 14:47:43'),
(54, 9, 0, '用户登录', '2017-04-14 14:47:50'),
(55, 8, 0, '退出登录', '2017-04-14 14:51:26'),
(56, 7, 0, '用户登录', '2017-04-14 14:51:38'),
(57, 1, 0, '用户登录', '2017-04-14 14:59:14'),
(58, 1, 0, '用户登录', '2017-04-14 15:02:37'),
(59, 1, 0, '退出登录', '2017-04-14 15:07:37'),
(60, 1, 0, '用户登录', '2017-04-14 15:09:06'),
(61, 11, 0, '用户注册', '2017-04-14 15:11:58'),
(62, 1, 0, '用户登录', '2017-04-18 20:20:03'),
(63, 1, 0, '用户登录', '2017-04-18 21:48:15'),
(64, 1, 0, '修改学校', '2017-04-18 21:50:07'),
(65, 1, 0, '修改头像', '2017-04-18 21:51:54'),
(66, 1, 0, '修改头像', '2017-04-18 21:52:07'),
(67, 1, 0, '修改头像', '2017-04-18 21:52:31'),
(68, 1, 0, '用户登录', '2017-05-03 15:50:49'),
(69, 6, 0, '用户登录', '2017-05-04 09:16:07'),
(70, 6, 0, '退出登录', '2017-05-04 09:16:21'),
(71, 7, 0, '用户登录', '2017-05-04 09:17:02'),
(72, 7, 0, '退出登录', '2017-05-04 09:17:19'),
(73, 11, 0, '用户登录', '2017-05-04 09:17:31'),
(74, 11, 0, '退出登录', '2017-05-04 09:17:37'),
(75, 1, 0, '用户登录', '2017-05-04 09:17:44'),
(76, 1, 0, '用户登录', '2017-05-04 09:24:16'),
(77, 1, 0, '用户登录', '2017-05-04 10:30:57'),
(78, 1, 0, '用户登录', '2017-05-04 10:31:32'),
(79, 1, 0, '用户登录', '2017-05-04 10:35:49'),
(80, 1, 0, '修改头像', '2017-05-04 12:24:45'),
(81, 1, 0, '修改头像', '2017-05-04 12:24:55'),
(82, 1, 0, '退出登录', '2017-05-04 13:27:09'),
(83, 0, 0, '退出登录', '2017-05-04 13:27:20'),
(84, 3, 0, '用户登录', '2017-05-04 13:27:55'),
(85, 3, 0, '退出登录', '2017-05-04 14:13:01'),
(86, 0, 0, '退出登录', '2017-05-04 14:13:26'),
(87, 1, 0, '用户登录', '2017-05-04 14:14:10'),
(88, 1, 0, '用户登录', '2017-05-09 17:05:32'),
(89, 1, 0, '用户登录', '2017-05-12 10:11:52'),
(90, 1, 1, '用户(1)修改', '2017-05-14 18:05:03'),
(91, 1, 1, '用户(1)删除', '2017-05-14 18:05:17'),
(92, 12, 1, '用户(12)新增', '2017-05-14 18:06:03'),
(93, 2, 0, '用户登录', '2017-05-14 18:42:42'),
(94, 7, 0, '用户登录', '2017-05-14 18:43:19'),
(95, 7, 0, '修改头像', '2017-05-14 19:12:46'),
(96, 2, 0, '退出登录', '2017-05-14 19:12:50'),
(97, 1, 0, '用户登录', '2017-05-14 19:13:00'),
(98, 7, 0, '修改简介', '2017-05-14 19:14:29'),
(99, 1, 0, '修改头像', '2017-05-14 19:15:18'),
(100, 1, 0, '修改头像', '2017-05-14 19:15:24'),
(101, 1, 0, '退出登录', '2017-05-14 19:16:52'),
(102, 2, 0, '用户登录', '2017-05-14 19:17:00'),
(103, 1, 0, '用户登录', '2017-05-17 12:22:02'),
(104, 1, 0, '退出登录', '2017-05-17 12:30:08'),
(105, 1, 0, '用户登录', '2017-05-17 12:35:42'),
(106, 1, 0, '用户登录', '2017-05-17 14:11:08'),
(107, 1, 0, '用户登录', '2017-05-25 14:11:32'),
(108, 1, 0, '举报content(on_id)', '2017-05-25 14:15:45'),
(109, 1, 0, '修改头像', '2017-05-25 14:17:08');

--
-- 限制导出的表
--

--
-- 限制表 `activity`
--
ALTER TABLE `activity`
  ADD CONSTRAINT `fk_activity_type` FOREIGN KEY (`acti_type_id`) REFERENCES `acti_type` (`type_id`) ON DELETE NO ACTION ON UPDATE CASCADE;

--
-- 限制表 `acti_focus`
--
ALTER TABLE `acti_focus`
  ADD CONSTRAINT `fk_actifocus_activity` FOREIGN KEY (`activity_id`) REFERENCES `activity` (`activity_id`) ON DELETE CASCADE ON UPDATE CASCADE,
  ADD CONSTRAINT `fk_actifocus_user` FOREIGN KEY (`user_id`) REFERENCES `user` (`user_id`) ON DELETE CASCADE ON UPDATE CASCADE;

--
-- 限制表 `content`
--
ALTER TABLE `content`
  ADD CONSTRAINT `fk_cont_activity` FOREIGN KEY (`activity_id`) REFERENCES `activity` (`activity_id`) ON DELETE CASCADE ON UPDATE CASCADE;

--
-- 限制表 `cont_img`
--
ALTER TABLE `cont_img`
  ADD CONSTRAINT `fk_contimg_content` FOREIGN KEY (`content_id`) REFERENCES `content` (`content_id`) ON DELETE CASCADE ON UPDATE CASCADE;

--
-- 限制表 `cont_like`
--
ALTER TABLE `cont_like`
  ADD CONSTRAINT `fk_contlike_content` FOREIGN KEY (`content_id`) REFERENCES `content` (`content_id`) ON DELETE CASCADE ON UPDATE CASCADE,
  ADD CONSTRAINT `fk_contlike_user` FOREIGN KEY (`user_id`) REFERENCES `user` (`user_id`) ON DELETE CASCADE ON UPDATE CASCADE;

--
-- 限制表 `message`
--
ALTER TABLE `message`
  ADD CONSTRAINT `fk_message_user` FOREIGN KEY (`to_user_id`) REFERENCES `user` (`user_id`) ON DELETE CASCADE ON UPDATE CASCADE;

--
-- 限制表 `user`
--
ALTER TABLE `user`
  ADD CONSTRAINT `fk_user_school` FOREIGN KEY (`school_id`) REFERENCES `school` (`school_id`) ON DELETE NO ACTION ON UPDATE CASCADE,
  ADD CONSTRAINT `fk_user_sq` FOREIGN KEY (`security_question_id`) REFERENCES `security_question` (`security_question_id`) ON DELETE NO ACTION ON UPDATE CASCADE;

--
-- 限制表 `user_lock`
--
ALTER TABLE `user_lock`
  ADD CONSTRAINT `fk_userlock_user` FOREIGN KEY (`user_id`) REFERENCES `user` (`user_id`) ON DELETE CASCADE ON UPDATE CASCADE;

/*!40101 SET CHARACTER_SET_CLIENT=@OLD_CHARACTER_SET_CLIENT */;
/*!40101 SET CHARACTER_SET_RESULTS=@OLD_CHARACTER_SET_RESULTS */;
/*!40101 SET COLLATION_CONNECTION=@OLD_COLLATION_CONNECTION */;
